{
  "intents": [
    {
      "intent": "UnrecognizedIntent"
    },
    {
      "intent": "ResetStateIntent"
    },
    {
      "intent": "RestoreStateIntent"
    },
    {
      "intent": "RepeatOptionsIntent"
    },
    {
      "intent": "RepeatSceneIntent"
    },
    {
      "intent": "GoBackIntent"
    },
    {
      "intent": "AMAZON.HelpIntent"
    },
    {
      "intent": "AMAZON.StopIntent"
    },
    {
      "intent": "AMAZON.CancelIntent"
    },
    {
      "intent": "BeginIntent"
    },
    {
      "intent": "OpenDoorOneIntent"
    },
    {
      "intent": "OpenDoorTwoIntent"
    },
    {
      "intent": "OpenDoorThreeIntent"
    },
    {
      "intent": "OpenDoorFourIntent"
    },
    {
      "intent": "OpenDoorFiveIntent"
    }
  ]
}